{"cameraMode":{"drawMode":0,"name":"Shaded","section":"Shading Mode"},"sceneLighting":false,"audioPlay":false,"sceneViewState":{"showFog":true,"showMaterialUpdate":false,"showSkybox":false,"showFlares":true,"showImageEffects":true,"showParticleSystems":true},"in2DMode":false,"pivot":{"x":-0.014329100027680397,"y":0.32499998807907107,"z":0.9120000004768372},"rotation":{"x":-0.07606618106365204,"y":-0.9032608270645142,"z":0.17981091141700746,"w":-0.38211002945899966},"size":22.0,"orthographic":false}